{
  "train_loss": [
    61.96169793733986,
    44.12510492468393,
    35.06309215996855,
    28.049218495686848,
    22.677928114450108,
    18.27717121698523,
    14.896458430956768,
    13.106173966520576,
    11.487201629146453,
    10.502249394693683,
    9.989898625240532,
    9.38888209353211,
    8.882115671711583,
    8.392834422408894,
    8.246437134281281,
    8.037330283913562,
    7.9512526553164244,
    7.786937462386264,
    7.666394064503331,
    7.5333621989014325
  ],
  "train_cer": [
    0.9098331523004795,
    0.8280265573065524,
    0.8179890971243633,
    0.7706624483331088,
    0.7521936036522537,
    0.7562160062709757,
    0.7851111460355988,
    0.7829563848364267,
    0.8195789796411761,
    0.8056398662378585,
    0.7650984339971936,
    0.8125679953997459,
    0.8240653744950235,
    0.8123939099459954,
    0.8502950422835257,
    0.8193889881132863,
    0.8515044912060099,
    0.830809661129978,
    0.8086226122308929,
    0.8301706169527439
  ],
  "val_loss": [
    52.08272464458759,
    45.986552898700424,
    45.419095259446365,
    46.347270672137924,
    48.97298959585336,
    52.85396165114183,
    56.421741192157455,
    59.99905424851637,
    62.28257868840144,
    66.35798439612755,
    65.6006569495568,
    68.22090589083157,
    70.62095436683067,
    71.39527130126953,
    72.77730560302734,
    74.14347986074594,
    72.25525547907903,
    75.77835464477539,
    73.87435003427359,
    76.22706545316257
  ],
  "val_cer": [
    0.8918552166624679,
    0.859644975681606,
    0.7929765864854398,
    0.6928080601239919,
    0.699591136499612,
    0.7977359838542285,
    0.780166340762491,
    0.8763860021010556,
    0.7315487336510671,
    0.7463102317313618,
    0.8549780927670019,
    0.7463102317313618,
    0.8344194224910705,
    0.7780580939042108,
    0.7780580939042108,
    0.7315487336510671,
    0.8740042797653821,
    0.9014243727867454,
    0.7752765873087548,
    0.8389886827487789
  ]
}