{
  "train_loss": [
    67.05639159161112,
    38.79619581803031
  ],
  "train_cer": [
    0.9173767488504102,
    0.8657705154929568
  ],
  "val_loss": [
    46.4730110168457,
    37.110963003976
  ],
  "val_cer": [
    0.8564619522535305,
    0.8630672278325447
  ]
}