{
  "train_loss": [
    92.01314392089844,
    71.57118492126465,
    63.260110473632814,
    58.117380142211914,
    53.52131881713867,
    48.93893547058106,
    45.34880409240723,
    40.81968803405762,
    36.89736499786377,
    33.00814151763916,
    29.09539165496826,
    25.53559226989746,
    22.202841567993165,
    18.838828563690186,
    16.23485050201416,
    14.18564281463623,
    12.518883323669433,
    11.33513011932373,
    10.015333366394042,
    9.62250804901123
  ],
  "train_cer": [
    0.9905315373833538,
    0.9601955879613028,
    0.8927015019504382,
    0.8934165761833693,
    0.8934165761833694,
    0.8380733420511852,
    0.830759665606297,
    0.7840090699925935,
    0.8072459666657912,
    0.8021459145152487,
    0.78370289649185,
    0.8206405317807361,
    0.8236765382037541,
    0.7534726552079136,
    0.7863285364675426,
    0.757001813349813,
    0.7720536292591812,
    0.7895077207708726,
    0.7435907397070695,
    0.7541330200288924
  ],
  "val_loss": [
    97.1263313293457,
    83.46780395507812,
    78.88492393493652,
    76.98367691040039,
    75.37432479858398,
    74.99846076965332,
    74.17646980285645,
    75.30414962768555,
    77.45096778869629,
    79.79233932495117,
    82.39910888671875,
    84.43392181396484,
    85.49367904663086,
    90.16585922241211,
    94.75143814086914,
    99.12419891357422,
    100.22381210327148,
    103.04773330688477,
    104.42311477661133,
    108.37125778198242
  ],
  "val_cer": [
    0.9682542948380115,
    0.9119057416568916,
    0.8854630614992749,
    0.8854630614992749,
    0.8854630614992749,
    0.8854630614992749,
    0.7898685606143282,
    0.7758908744634672,
    0.7971391681485261,
    0.7971391681485261,
    0.795628273977615,
    0.8254266201193973,
    0.8727843042200563,
    0.8102085322327641,
    0.7292389689445898,
    0.8562843042200564,
    0.8463550281980432,
    0.8673540951027231,
    0.7639945383534508,
    0.7292389689445898
  ]
}