{
  "train_loss": [
    91.39588165283203,
    72.36669807434082,
    64.41076049804687,
    60.359184646606444,
    56.3288330078125,
    51.935699462890625,
    48.07260360717773,
    44.36490745544434,
    40.89849662780762,
    37.07007274627686,
    33.61625957489014,
    31.320368194580077,
    27.33781852722168,
    24.523447799682618,
    21.61567668914795,
    19.386417198181153,
    17.401168823242188,
    14.953390312194824,
    13.24941806793213,
    12.312581634521484
  ],
  "train_cer": [
    1.2400590051960347,
    0.9546886301936258,
    0.9188726794054572,
    0.8934165761833699,
    0.8956440338830912,
    0.8628958239660333,
    0.8679729444212179,
    0.8393081047051171,
    0.8605859880632368,
    0.832186160103977,
    0.7760844627088997,
    0.8298009055110364,
    0.8271482756167627,
    0.7900669489948076,
    0.7683035174880356,
    0.7427426568483989,
    0.725755008530694,
    0.7703340873678359,
    0.7817703221273378,
    0.8274064282820743
  ],
  "val_loss": [
    97.95980834960938,
    84.85346221923828,
    79.6445484161377,
    76.98862648010254,
    75.60547256469727,
    73.37190437316895,
    74.59428024291992,
    73.80539894104004,
    75.1810245513916,
    78.31711959838867,
    78.1510124206543,
    81.11931610107422,
    80.98966217041016,
    85.09526443481445,
    87.87635040283203,
    89.7805061340332,
    95.452392578125,
    96.01702499389648,
    102.08686065673828,
    104.4249153137207
  ],
  "val_cer": [
    0.9682542948380115,
    0.9486086071615976,
    0.8854630614992749,
    0.8854630614992749,
    0.885963061499275,
    0.8854630614992749,
    0.7758908744634672,
    0.8854630614992749,
    0.7758908744634672,
    0.7971391681485261,
    0.7971391681485261,
    0.810981506021324,
    0.7971391681485261,
    0.7971391681485261,
    0.7569437927069215,
    0.7586247383192644,
    0.7646193983523668,
    0.7584680779135614,
    0.8551176375533898,
    0.7877315694770375
  ]
}