{
  "train_loss": [
    92.97541046142578,
    81.05191192626953,
    71.76363372802734,
    66.20242080688476,
    62.64546852111816,
    59.72764854431152,
    57.354129791259766,
    54.61027183532715,
    52.1524715423584,
    50.20949287414551,
    47.9607479095459,
    45.74751205444336,
    44.01911315917969,
    42.06915092468262,
    40.59350090026855,
    38.578687286376955,
    36.72922019958496,
    35.78192710876465,
    34.125969314575194,
    32.382656478881835,
    30.438182640075684,
    29.215597724914552,
    27.81602611541748,
    26.89618797302246,
    25.544411659240723,
    24.305513191223145,
    23.17150936126709,
    21.7306770324707,
    20.85636672973633,
    19.680509948730467,
    23.274539375305174,
    19.35835552215576,
    18.186380672454835,
    17.059099006652833,
    16.24967517852783,
    15.49256420135498,
    15.065926551818848,
    14.44945478439331,
    13.699320125579835,
    12.736209678649903,
    12.265018844604493,
    11.906107521057129,
    11.396775341033935,
    10.982711029052734,
    10.535034465789796,
    9.859879684448241,
    9.92550344467163,
    9.662382316589355,
    9.26386137008667,
    10.278709316253662,
    9.516372776031494,
    8.924639320373535,
    8.74642367362976,
    8.274152278900146,
    8.31424593925476,
    7.9041379451751705,
    7.30796627998352,
    6.77007360458374,
    6.291558361053466,
    5.76831202507019,
    5.2083343982696535,
    4.6245370388031,
    4.516980171203613,
    4.3039192199707035,
    4.213016629219055,
    3.3808888673782347,
    3.344575619697571,
    3.100400686264038,
    3.0166120767593383,
    2.638766312599182,
    2.542140769958496,
    2.2514676451683044,
    2.1470192790031435,
    2.006187629699707,
    1.8628040909767152,
    1.72479590177536,
    1.7704362869262695,
    1.7306482791900635,
    1.843507218360901,
    1.6328961610794068,
    1.5411502838134765,
    1.5957102656364441,
    1.2845506608486175,
    1.3123063921928406,
    1.2049025774002076,
    1.2529959559440613,
    1.2295821726322174,
    1.068614900112152,
    0.8871716439723969,
    1.1328221201896667,
    1.148375356197357,
    1.0105430722236632,
    0.9632830381393432,
    0.9311858892440796,
    0.9657997071743012,
    0.9250787913799285,
    1.0206197679042817,
    1.3080571949481965,
    1.043701958656311,
    0.9397528886795044
  ],
  "train_cer": [
    0.9845174399929653,
    0.9671165859685233,
    0.9432773476273866,
    0.9405735950800227,
    0.9060023765893667,
    0.8934165761833694,
    0.8934165761833697,
    0.8934165761833691,
    0.8934165761833696,
    0.8934165761833694,
    0.8934165761833696,
    0.8934165761833693,
    0.8934165761833694,
    0.8934165761833692,
    0.8934165761833694,
    0.8934165761833696,
    0.8934165761833691,
    0.8934165761833693,
    0.8447671950685882,
    0.7980461873294374,
    0.8354798827747474,
    0.7760844627088996,
    0.7858635348793541,
    0.7760844627088997,
    0.7760844627088999,
    0.8090804919865803,
    0.8818933645748881,
    0.7792244634900741,
    0.7672564133985027,
    0.8471724732956301,
    0.8053782111457666,
    0.8121056518125508,
    0.7977358208579788,
    0.7071955981499357,
    0.8067684721179017,
    0.8170366502176644,
    0.7348037100087984,
    0.7860825616400835,
    0.7674997761443652,
    0.7872403025928448,
    0.7855152877425771,
    0.7775657188882046,
    0.8582924474583035,
    0.7913383162700453,
    0.8190164148989758,
    1.0072183388143867,
    0.8899287272460454,
    0.728292923413517,
    0.7345781768531408,
    0.7778779128237524,
    0.8032238518889095,
    0.7525327773868129,
    0.7325787430007824,
    0.8526157046013947,
    0.7956420754252284,
    0.8122921744200836,
    0.8397132115990096,
    0.6647112707347524,
    0.5463813499179043,
    0.37638551710902907,
    0.2569561734557483,
    0.2244047992378381,
    0.10322499036029611,
    0.10010980091337235,
    0.05341369939584225,
    0.07244450989910464,
    0.044141367016158665,
    0.06297770276493679,
    0.052930240984952234,
    0.029501891942187206,
    0.03596062172295137,
    0.043203454714387156,
    0.009523809523809523,
    0.013919413919413919,
    0.0,
    0.016995223621363437,
    0.017907077724706903,
    0.0,
    0.017221350078492934,
    0.0,
    0.0,
    0.00582010582010582,
    0.007142857142857143,
    0.0,
    0.0,
    0.011071428571428572,
    0.010476190476190476,
    0.00851063829787234,
    0.0,
    0.0034285714285714284,
    0.010723404255319148,
    0.0,
    0.0,
    0.0,
    0.0,
    0.0026239067055393588,
    0.0,
    0.03240166227781435,
    0.0,
    0.0
  ],
  "val_loss": [
    105.95079040527344,
    93.16731643676758,
    85.74091339111328,
    81.99028015136719,
    79.8440170288086,
    78.25966262817383,
    75.48992729187012,
    75.05411529541016,
    74.47993087768555,
    73.82503700256348,
    72.94389724731445,
    73.11619186401367,
    73.18137168884277,
    72.51969528198242,
    72.19690895080566,
    73.1357593536377,
    73.03825759887695,
    73.5590591430664,
    73.60069274902344,
    74.11944389343262,
    76.04729270935059,
    76.62041854858398,
    77.0853443145752,
    78.00230407714844,
    79.34744644165039,
    80.28419494628906,
    79.83853530883789,
    80.07837295532227,
    82.8546257019043,
    84.51482772827148,
    85.43651580810547,
    86.81415939331055,
    88.22689819335938,
    89.54543685913086,
    90.7095832824707,
    92.89014053344727,
    92.93880081176758,
    94.06563186645508,
    93.29306411743164,
    95.3119010925293,
    95.64896774291992,
    94.99370193481445,
    98.84090423583984,
    97.94245529174805,
    99.59010696411133,
    99.16181945800781,
    100.71504592895508,
    103.35673904418945,
    104.84401321411133,
    104.56612777709961,
    105.5169677734375,
    107.68226623535156,
    107.75497817993164,
    107.56666564941406,
    109.04838562011719,
    106.96953582763672,
    106.85994338989258,
    109.01139068603516,
    108.05025482177734,
    111.81888580322266,
    112.54067993164062,
    113.98361587524414,
    115.04468154907227,
    119.12386703491211,
    116.27440643310547,
    117.99571228027344,
    118.00293731689453,
    122.06229400634766,
    122.93669891357422,
    122.67419815063477,
    123.67644882202148,
    122.75619125366211,
    125.80560684204102,
    130.74981307983398,
    128.78986740112305,
    130.96260833740234,
    134.55087280273438,
    134.260986328125,
    136.14575958251953,
    135.7408447265625,
    136.75168991088867,
    133.42015075683594,
    136.2858657836914,
    137.09806060791016,
    140.6697769165039,
    139.25402069091797,
    138.92409896850586,
    137.70631790161133,
    141.5743064880371,
    144.8139877319336,
    142.07029342651367,
    142.24610900878906,
    142.95616149902344,
    143.32954788208008,
    140.6973762512207,
    138.19852447509766,
    143.34173583984375,
    141.40499114990234,
    142.42737579345703,
    139.76349258422852
  ],