{
  "train_loss": [
    62.46550968129148,
    44.91859513969832,
    35.43581736985073,
    28.016401619039556,
    22.321765715076076
  ],
  "train_cer": [
    0.9979567393302035,
    0.9987617898032183,
    0.997329720250085,
    0.9971618415908169,
    0.9977250768128582
  ],
  "val_loss": [
    50.38424565241887,
    46.76991829505334,
    45.47866498506986,
    46.6048583984375,
    49.060156895564155
  ],
  "val_cer": [
    0.9990984743411929,
    0.9957413163775486,
    0.999288737152815,
    0.9920478377395853,
    0.9993989828941285
  ]
}