{
  "train_loss": [
    94.12076568603516,
    71.89186922709148,
    55.64661089579264,
    44.85818942387899,
    36.444584925969444,
    27.246443192164104,
    22.192086895306904,
    17.71301480134328,
    14.24045044183731,
    11.158701002597809,
    8.07056807478269,
    6.579150100549062,
    6.444870601097743,
    4.40030296643575,
    3.905992696682612,
    3.2523511399825416,
    2.9820023526748023,
    3.003889799118042,
    3.023934563000997,
    2.768424433966478
  ],
  "train_cer": [
    0.9297919578687285,
    0.9305587598608368,
    0.9256977561534843,
    0.9245894501434012,
    0.88158813271698,
    0.8892965583976696,
    0.8835900366585392,
    0.8885469332102635,
    0.8835900366585392,
    0.8835900366585392,
    0.8885469332102635,
    0.8807164734401484,
    0.8856733699918725,
    0.8777000641737391,
    0.8870622588807614,
    0.8885469332102635,
    0.8841886956623705,
    0.8920191554324856,
    0.8785727547016021,
    0.8789210653947404
  ],
  "test_loss": [
    77.54624780019124,
    56.50696659088135,
    46.652186234792076,
    36.63208158810934,
    27.141243775685627,
    21.44953727722168,
    15.115076899528503,
    15.021390080451965,
    8.890555818875631,
    6.57536244392395,
    5.428425749142964,
    5.405369738737742,
    4.536497284968694,
    3.5728295048077903,
    3.067352910836538,
    3.0364816586176553,
    2.581863214572271,
    3.209222286939621,
    2.5513445089260736,
    2.4243774116039276
  ],
  "test_cer": [
    1.0,
    0.8990037675134465,
    0.8834338658127132,
    0.8891891807592045,
    0.8927263479500228,
    0.8887972815209565,
    0.8885469332102635,
    0.8792510301643603,
    0.88646359987693,
    0.8885469332102635,
    0.871976620950296,
    0.8885469332102635,
    0.8885469332102635,
    0.871976620950296,
    0.8887972815209565,
    0.871976620950296,
    0.8887972815209565,
    0.8798721310009783,
    0.8785727547016021,
    0.8785727547016021
  ]
}