{
  "train_loss": [
    84.56595166524251,
    64.68018658955891,
    53.21186367670695,
    43.09884810447693,
    35.425538539886475,
    28.62040889263153,
    21.4004731575648,
    16.336897313594818,
    13.320825060208639,
    10.768634547789892,
    10.776412745316824,
    10.173000425100327,
    8.194812347491583,
    7.669541319211324,
    6.373020336031914,
    6.067194551229477,
    5.380562434593837,
    4.510491554935773,
    4.050967174271743,
    3.8803032636642456,
    3.7465879917144775,
    3.5186275175462165,
    3.440811642135183,
    3.220076974869395,
    3.105543292903652,
    3.1331006001370647,
    3.0353785161860287,
    2.671148287054772,
    2.7037498770126454,
    2.5991654839211455,
    2.575778393036065,
    2.481898827943951,
    2.486777432631546,
    2.461513311660383,
    2.4055549622086496,
    2.403765959684582,
    2.379062435221082,
    2.3688157260185108,
    2.3560103561612777,
    2.348326141363941,
    2.337534360238351,
    2.329791752223779,
    2.3220551224852293,
    2.315173892401314,
    2.3072983630991075,
    2.3029800224176142,
    2.2974223292743168,
    2.2900823898186595,
    2.2889959830014655,
    2.2861864563892595,
    2.276584726806808,
    2.279368541542984,
    2.270200280530844,
    2.2645431992520266,
    2.2612742845570515,
    2.2583810130793913,
    2.253751509114712,
    2.252187063282084,
    2.248947597302807,
    2.246240273709797,
    2.2435946949602417,
    2.2424326193334614,
    2.2391111373532717,
    2.238927207683446,
    2.2376789578071716,
    2.239529808769779,
    2.2358732358989073,
    2.2357648279867135,
    2.772549022202535,
    2.874773329744736,
    3.0223816274665296,
    2.760207469264666,
    2.840480896857722,
    4.95395436262091,
    9.339703639348349,
    13.046963810920715,
    8.850301076968512,
    8.20199211438497,
    5.682489042480786,
    4.980695764223735,
    3.8749714866280556,
    5.50995431902508,
    3.0070799936850867,
    2.9539557662792504,
    2.547929785369585,
    2.6486436799168587,
    2.5327025425309935,
    2.328320639343777,
    2.2876568303327076,
    2.262688546519106,
    2.251699029477701,
    2.246908069268102,
    2.242899791657692,
    2.2392332107992843,
    2.2360890903607165,
    2.233149609072522,
    2.2304927505610976,
    2.228024469310185,
    2.2257358984837388,
    2.2235903826513095
  ],
  "train_cer": [
    0.978066129812453,
    0.9267257799448964,
    0.90133130990377,
    0.903262766246991,
    0.907046575764193,
    0.894183146212784,
    0.8321549538305592,
    0.8270656160966979,
    0.812170207058287,
    0.7889130787206566,
    0.8376492215110591,
    0.7443794178314557,
    0.7656277491710647,
    0.8140685508129316,
    0.7523986331988581,
    0.751652399500121,
    0.8064312813856013,
    0.769727493691385,
    0.768610663728523,
    0.771341695698589,
    0.76936133311041,
    0.7869740059107232,
    0.6839434470143474,
    0.7501997787592583,
    0.7961868894015414,
    0.7979985462778534,
    0.7755121921074332,
    0.7869589849530486,
    0.7979468481927502,
    0.7810967117474251,
    0.786598006563736,
    0.7984342080551099,
    0.7838224921566294,
    0.7865406492390106,
    0.807621578655524,
    0.7857540976887784,
    0.80365332468727,
    0.7812291914619197,
    0.8203961181795564,
    0.8175225549611654,
    0.8201267216278322,
    0.8095315161796856,
    0.8095315161796856,
    0.796600481696927,
    0.796600481696927,
    0.796600481696927,
    0.765350481696927,
    0.765350481696927,
    0.796600481696927,
    0.7616740111086916,
    0.765350481696927,
    0.796600481696927,
    0.7616740111086916,
    0.796600481696927,
    0.765350481696927,
    0.765350481696927,
    0.7616740111086916,
    0.765350481696927,
    0.7616740111086916,
    0.7616740111086916,
    0.7762631801096255,
    0.765350481696927,
    0.7616740111086916,
    0.7684506801096255,
    0.7703107991572445,
    0.7616740111086916,
    0.8013032442121896,
    0.791216517213698,
    0.7128109562713721,
    0.8356460117176723,
    0.7739130618159855,
    0.8312252274555361,
    0.7269424655599445,
    0.7182614542996851,
    0.5296242744452462,
    0.7300757424978174,
    0.7122652462712903,
    0.7403993239473937,
    0.6680785987475705,
    0.7367737946166794,
    0.6643196024965389,
    0.7903645404864923,
    0.6296905537761902,
    0.7501472172543117,
    0.7660185573743731,
    0.806837692903966,
    0.7154538176340005,
    0.8200725197163788,
    0.7968698816819103,
    0.7795824675947345,
    0.78101924920393,
    0.78101924920393,
    0.78101924920393,
    0.78101924920393,
    0.80445674920393,
    0.80445674920393,
    0.80445674920393,
    0.80445674920393,
    0.80445674920393,
    0.8030199675947345
  ],
  "test_loss": [
    65.9282496770223,
    53.180579662323,
    42.83552312850952,
    34.01272340615591,
    28.71271288394928,
    21.127678672472637,
    16.246662735939026,
    11.107304563124975,
    12.510256797075272,
    12.240509996811548,
    9.786320924758911,
    7.913536429405212,
    6.8533965448538465,
    5.492653628190358,
    4.635979771614075,
    5.22310755153497,
    3.7158565123875937,
    3.392410323023796,
    3.0878050476312637,
    2.9740331222613654,
    2.817021869122982,
    2.922973610460758,
    2.777456852296988,
    2.619281381368637,
    2.6882302165031433,
    2.5980162223180137,
    2.4122477086881795,
    2.3846226123472056,
    2.3238625451922417,
    2.233926153431336,
    2.2642637826502323,
    2.2158421811958156,
    2.1784896813333035,
    2.1676572362581887,
    2.1667021525402865,
    2.1164676509797573,
    2.1209888185063996,
    2.090644088884195,
    2.0773321812351546,
    2.048147425055504,
    2.041083532075087,
    2.0219879063467183,
    2.00093583141764,
    1.9994930575291316,
    1.9921106373270352,
    1.9562665248910587,
    1.9677323152621586,
    1.981932741900285,
    1.9086337499320507,
    1.961419767389695,
    2.0116390076776347,
    1.9085743005077045,
    1.9959691936771076,
    1.953569973508517,
    1.9222114657362301,
    1.9269319586455822,
    1.9281919213632743,
    1.894621706257264,
    1.907274842262268,
    1.9123551361262798,
    1.8822099069754283,
    1.8731844797730446,
    1.9543423391878605,
    1.9268604206542175,
    1.8591332845389843,
    2.100628614425659,
    1.9766062336663406,
    1.8780566652615864,
    2.5219967315594354,
    2.0224964960167804,
    2.563837786515554,
    2.413730812336629,
    3.3687152763207755,
    4.545981769760449,
    10.431394681334496,
    5.969938680529594,
    6.326485564311345,
    5.1821236337224645,
    4.241854568322499,
    3.002492234110832,
    2.6948793108264604,
    2.4041803951064744,
    2.1045567262917757,
    2.1225365127126374,
    2.0519233557085195,
    2.062762806812922,
    1.931305605918169,
    1.8786721179882686,
    1.8669363179554541,
    1.8587893253813188,
    1.8516640616580844,
    1.8480648843881984,
    1.845068470730136,
    1.842892329596604,
    1.8410070274646084,
    1.8394408807313691,
    1.8380454086388152,
    1.8368034315450739,
    1.8356708200105156,
    1.834629757873093
  ],