{
  "train_loss": [
    103.10540771484375,
    90.08648681640625,
    101.93901824951172
  ],
  "train_cer": [
    1.0,
    1.0,
    0.9488063317943873
  ],
  "test_loss": [
    90.803955078125,
    103.02960205078125,
    92.69572448730469
  ],
  "test_cer": [
    1.0,
    1.0,
    0.9488063317943873
  ]
}